{
  "info": {
    "name": "Task Manager API v2.0",
    "description": "Complete API collection for Task Manager with authentication and CRUD operations",
    "schema": "https://schema.getpostman.com/json/collection/v2.1.0/collection.json"
  },
  "auth": {
    "type": "bearer",
    "bearer": [
      {
        "key": "token",
        "value": "{{jwt_token}}",
        "type": "string"
      }
    ]
  },
  "variable": [
    {
      "key": "base_url",
      "value": "http://localhost:5000",
      "type": "string"
    },
    {
      "key": "jwt_token",
      "value": "",
      "type": "string"
    }
  ],
  "item": [
    {
      "name": "Authentication",
      "item": [
        {
          "name": "Register User",
          "request": {
            "method": "POST",
            "header": [
              {
                "key": "Content-Type",
                "value": "application/json"
              }
            ],
            "body": {
              "mode": "raw",
              "raw": "{\n  \"name\": \"John Doe\",\n  \"email\": \"john.doe@example.com\",\n  \"password\": \"SecurePass123\"\n}"
            },
            "url": {
              "raw": "{{base_url}}/api/users/register",
              "host": ["{{base_url}}"],
              "path": ["api", "users", "register"]
            }
          },
          "event": [
            {
              "listen": "test",
              "script": {
                "exec": [
                  "if (pm.response.code === 201) {",
                  "    const response = pm.response.json();",
                  "    pm.collectionVariables.set('jwt_token', response.data.token);",
                  "}"
                ]
              }
            }
          ]
        },
        {
          "name": "Login User",
          "request": {
            "method": "POST",
            "header": [
              {
                "key": "Content-Type",
                "value": "application/json"
              }
            ],
            "body": {
              "mode": "raw",
              "raw": "{\n  \"email\": \"john.doe@example.com\",\n  \"password\": \"SecurePass123\"\n}"
            },
            "url": {
              "raw": "{{base_url}}/api/users/login",
              "host": ["{{base_url}}"],
              "path": ["api", "users", "login"]
            }
          },
          "event": [
            {
              "listen": "test",
              "script": {
                "exec": [
                  "if (pm.response.code === 200) {",
                  "    const response = pm.response.json();",
                  "    pm.collectionVariables.set('jwt_token', response.data.token);",
                  "}"
                ]
              }
            }
          ]
        },
        {
          "name": "Get User Profile",
          "request": {
            "method": "GET",
            "header": [],
            "url": {
              "raw": "{{base_url}}/api/users/profile",
              "host": ["{{base_url}}"],
              "path": ["api", "users", "profile"]
            }
          }
        }
      ]
    },
    {
      "name": "Tasks",
      "item": [
        {
          "name": "Get All Tasks",
          "request": {
            "method": "GET",
            "header": [],
            "url": {
              "raw": "{{base_url}}/api/tasks?page=1&limit=10",
              "host": ["{{base_url}}"],
              "path": ["api", "tasks"],
              "query": [
                {
                  "key": "page",
                  "value": "1"
                },
                {
                  "key": "limit",
                  "value": "10"
                },
                {
                  "key": "status",
                  "value": "pending",
                  "disabled": true
                },
                {
                  "key": "priority",
                  "value": "high",
                  "disabled": true
                }
              ]
            }
          }
        },
        {
          "name": "Create Task",
          "request": {
            "method": "POST",
            "header": [
              {
                "key": "Content-Type",
                "value": "application/json"
              }
            ],
            "body": {
              "mode": "raw",
              "raw": "{\n  \"title\": \"Complete project documentation\",\n  \"description\": \"Write comprehensive API documentation with examples\",\n  \"status\": \"pending\",\n  \"priority\": \"high\",\n  \"dueDate\": \"2024-02-01T23:59:59.000Z\"\n}"
            },
            "url": {
              "raw": "{{base_url}}/api/tasks",
              "host": ["{{base_url}}"],
              "path": ["api", "tasks"]
            }
          }
        },
        {
          "name": "Get Task by ID",
          "request": {
            "method": "GET",
            "header": [],
            "url": {
              "raw": "{{base_url}}/api/tasks/{{task_id}}",
              "host": ["{{base_url}}"],
              "path": ["api", "tasks", "{{task_id}}"]
            }
          }
        },
        {
          "name": "Update Task",
          "request": {
            "method": "PUT",
            "header": [
              {
                "key": "Content-Type",
                "value": "application/json"
              }
            ],
            "body": {
              "mode": "raw",
              "raw": "{\n  \"status\": \"completed\",\n  \"priority\": \"medium\"\n}"
            },
            "url": {
              "raw": "{{base_url}}/api/tasks/{{task_id}}",
              "host": ["{{base_url}}"],
              "path": ["api", "tasks", "{{task_id}}"]
            }
          }
        },
        {
          "name": "Delete Task",
          "request": {
            "method": "DELETE",
            "header": [],
            "url": {
              "raw": "{{base_url}}/api/tasks/{{task_id}}",
              "host": ["{{base_url}}"],
              "path": ["api", "tasks", "{{task_id}}"]
            }
          }
        },
        {
          "name": "Get Task Statistics",
          "request": {
            "method": "GET",
            "header": [],
            "url": {
              "raw": "{{base_url}}/api/tasks/stats",
              "host": ["{{base_url}}"],
              "path": ["api", "tasks", "stats"]
            }
          }
        }
      ]
    },
    {
      "name": "Utility",
      "item": [
        {
          "name": "Health Check",
          "request": {
            "method": "GET",
            "header": [],
            "url": {
              "raw": "{{base_url}}/health",
              "host": ["{{base_url}}"],
              "path": ["health"]
            }
          }
        },
        {
          "name": "API Info",
          "request": {
            "method": "GET",
            "header": [],
            "url": {
              "raw": "{{base_url}}/",
              "host": ["{{base_url}}"],
              "path": [""]
            }
          }
        }
      ]
    }
  ]
}
